tokenID,address,tokenURI
0.0,0x520955b53eB1553CBf67ec95bf1ace58C01E4219,https://ja3cgw.dstor.cloud/ipfs/QmQ9DspqALLUpHdUFdj1DoC7WcLyAGUsqPG2tDXe14ZP4b
1.0,0x520955b53eB1553CBf67ec95bf1ace58C01E4219,https://ja3cgw.dstor.cloud/ipfs/QmQ9DspqALLUpHdUFdj1DoC7WcLyAGUsqPG2tDXe14ZP4b
2.0,0x520955b53eB1553CBf67ec95bf1ace58C01E4219,https://ja3cgw.dstor.cloud/ipfs/QmQ9DspqALLUpHdUFdj1DoC7WcLyAGUsqPG2tDXe14ZP4b
3.0,0xA25bc8c1e230a476cB00f2e9c93ffC2D4e163dc5,https://ja3cgw.dstor.cloud/ipfs/QmPLzkHBhsmFjHHqVuw6FvyM9wAj8nqbbD8FucRmdwPcNR
4.0,0x520955b53eB1553CBf67ec95bf1ace58C01E4219,https://ja3cgw.dstor.cloud/ipfs/QmQ9DspqALLUpHdUFdj1DoC7WcLyAGUsqPG2tDXe14ZP4b
5.0,0x520955b53eB1553CBf67ec95bf1ace58C01E4219,https://ja3cgw.dstor.cloud/ipfs/QmQ9DspqALLUpHdUFdj1DoC7WcLyAGUsqPG2tDXe14ZP4b
6.0,0x520955b53eB1553CBf67ec95bf1ace58C01E4219,https://ja3cgw.dstor.cloud/ipfs/QmQ9DspqALLUpHdUFdj1DoC7WcLyAGUsqPG2tDXe14ZP4b
7.0,0xB43583341CaA5D2fd1e79DAA4EFcCb87c4904b0f,https://ja3cgw.dstor.cloud/ipfs/QmQ9DspqALLUpHdUFdj1DoC7WcLyAGUsqPG2tDXe14ZP4b
8.0,0x520955b53eB1553CBf67ec95bf1ace58C01E4219,https://ja3cgw.dstor.cloud/ipfs/QmQ9DspqALLUpHdUFdj1DoC7WcLyAGUsqPG2tDXe14ZP4b
9.0,0xA25bc8c1e230a476cB00f2e9c93ffC2D4e163dc5,https://ja3cgw.dstor.cloud/ipfs/QmeZXNxS28d9AjehpStzDZ3zM4RB6ZxusiQxr428mwTk4k
10.0,0xA25bc8c1e230a476cB00f2e9c93ffC2D4e163dc5,https://ja3cgw.dstor.cloud/ipfs/QmeZXNxS28d9AjehpStzDZ3zM4RB6ZxusiQxr428mwTk4k
11.0,0xA25bc8c1e230a476cB00f2e9c93ffC2D4e163dc5,https://ja3cgw.dstor.cloud/ipfs/QmPLzkHBhsmFjHHqVuw6FvyM9wAj8nqbbD8FucRmdwPcNR
12.0,0xA25bc8c1e230a476cB00f2e9c93ffC2D4e163dc5,https://ja3cgw.dstor.cloud/ipfs/QmeZXNxS28d9AjehpStzDZ3zM4RB6ZxusiQxr428mwTk4k
13.0,0xA25bc8c1e230a476cB00f2e9c93ffC2D4e163dc5,https://ja3cgw.dstor.cloud/ipfs/QmeZXNxS28d9AjehpStzDZ3zM4RB6ZxusiQxr428mwTk4k
14.0,0x9c4aC422257151435c94df8291d00871cD4a1fCA,https://ja3cgw.dstor.cloud/ipfs/QmeZXNxS28d9AjehpStzDZ3zM4RB6ZxusiQxr428mwTk4k
15.0,0x9c4aC422257151435c94df8291d00871cD4a1fCA,https://ja3cgw.dstor.cloud/ipfs/QmeZXNxS28d9AjehpStzDZ3zM4RB6ZxusiQxr428mwTk4k
16.0,0xA25bc8c1e230a476cB00f2e9c93ffC2D4e163dc5,https://ja3cgw.dstor.cloud/ipfs/QmeZXNxS28d9AjehpStzDZ3zM4RB6ZxusiQxr428mwTk4k
17.0,0x520955b53eB1553CBf67ec95bf1ace58C01E4219,https://ja3cgw.dstor.cloud/ipfs/QmQ9DspqALLUpHdUFdj1DoC7WcLyAGUsqPG2tDXe14ZP4b
18.0,0x645547CbEa6199983ee6C874dEcaB3Cad2d37eb0,https://api.dstor.cloud/ipfs/QmZp9dqk1Ko72mxapbjMk3Egv3qBNN4En3pGvbbBSHUBTL
19.0,0x64ae4132Bbed92F21978A04cf9818632760A2D4D,https://ja3cgw.dstor.cloud/ipfs/QmeZXNxS28d9AjehpStzDZ3zM4RB6ZxusiQxr428mwTk4k
20.0,0x9c4aC422257151435c94df8291d00871cD4a1fCA,https://ja3cgw.dstor.cloud/ipfs/QmeZXNxS28d9AjehpStzDZ3zM4RB6ZxusiQxr428mwTk4k
21.0,0x6b3446860E6F88e39c20D50AFB94D4E6df884511,https://api.dstor.cloud/ipfs/QmZp9dqk1Ko72mxapbjMk3Egv3qBNN4En3pGvbbBSHUBTL
