tokenID,address,tokenURI
0.0,0x520955b53eB1553CBf67ec95bf1ace58C01E4219,https://ja3cgw.dstor.cloud/ipfs/QmQ9DspqALLUpHdUFdj1DoC7WcLyAGUsqPG2tDXe14ZP4b
1.0,0x520955b53eB1553CBf67ec95bf1ace58C01E4219,https://ja3cgw.dstor.cloud/ipfs/QmQ9DspqALLUpHdUFdj1DoC7WcLyAGUsqPG2tDXe14ZP4b
2.0,0x520955b53eB1553CBf67ec95bf1ace58C01E4219,https://ja3cgw.dstor.cloud/ipfs/QmQ9DspqALLUpHdUFdj1DoC7WcLyAGUsqPG2tDXe14ZP4b
3.0,0xA25bc8c1e230a476cB00f2e9c93ffC2D4e163dc5,https://ja3cgw.dstor.cloud/ipfs/QmPLzkHBhsmFjHHqVuw6FvyM9wAj8nqbbD8FucRmdwPcNR
4.0,0x520955b53eB1553CBf67ec95bf1ace58C01E4219,https://ja3cgw.dstor.cloud/ipfs/QmQ9DspqALLUpHdUFdj1DoC7WcLyAGUsqPG2tDXe14ZP4b
5.0,0x520955b53eB1553CBf67ec95bf1ace58C01E4219,https://ja3cgw.dstor.cloud/ipfs/QmQ9DspqALLUpHdUFdj1DoC7WcLyAGUsqPG2tDXe14ZP4b
6.0,0x520955b53eB1553CBf67ec95bf1ace58C01E4219,https://ja3cgw.dstor.cloud/ipfs/QmQ9DspqALLUpHdUFdj1DoC7WcLyAGUsqPG2tDXe14ZP4b
7.0,0xB43583341CaA5D2fd1e79DAA4EFcCb87c4904b0f,https://ja3cgw.dstor.cloud/ipfs/QmQ9DspqALLUpHdUFdj1DoC7WcLyAGUsqPG2tDXe14ZP4b
8.0,0x520955b53eB1553CBf67ec95bf1ace58C01E4219,https://ja3cgw.dstor.cloud/ipfs/QmQ9DspqALLUpHdUFdj1DoC7WcLyAGUsqPG2tDXe14ZP4b
9.0,0xA25bc8c1e230a476cB00f2e9c93ffC2D4e163dc5,https://ja3cgw.dstor.cloud/ipfs/QmeZXNxS28d9AjehpStzDZ3zM4RB6ZxusiQxr428mwTk4k
10.0,0xA25bc8c1e230a476cB00f2e9c93ffC2D4e163dc5,https://ja3cgw.dstor.cloud/ipfs/QmeZXNxS28d9AjehpStzDZ3zM4RB6ZxusiQxr428mwTk4k
11.0,0xA25bc8c1e230a476cB00f2e9c93ffC2D4e163dc5,https://ja3cgw.dstor.cloud/ipfs/QmPLzkHBhsmFjHHqVuw6FvyM9wAj8nqbbD8FucRmdwPcNR
12.0,0xA25bc8c1e230a476cB00f2e9c93ffC2D4e163dc5,https://ja3cgw.dstor.cloud/ipfs/QmeZXNxS28d9AjehpStzDZ3zM4RB6ZxusiQxr428mwTk4k
13.0,0xA25bc8c1e230a476cB00f2e9c93ffC2D4e163dc5,https://ja3cgw.dstor.cloud/ipfs/QmeZXNxS28d9AjehpStzDZ3zM4RB6ZxusiQxr428mwTk4k
14.0,0x9c4aC422257151435c94df8291d00871cD4a1fCA,https://ja3cgw.dstor.cloud/ipfs/QmeZXNxS28d9AjehpStzDZ3zM4RB6ZxusiQxr428mwTk4k
15.0,0x9c4aC422257151435c94df8291d00871cD4a1fCA,https://ja3cgw.dstor.cloud/ipfs/QmeZXNxS28d9AjehpStzDZ3zM4RB6ZxusiQxr428mwTk4k
16.0,0xA25bc8c1e230a476cB00f2e9c93ffC2D4e163dc5,https://ja3cgw.dstor.cloud/ipfs/QmeZXNxS28d9AjehpStzDZ3zM4RB6ZxusiQxr428mwTk4k
17.0,0x520955b53eB1553CBf67ec95bf1ace58C01E4219,https://ja3cgw.dstor.cloud/ipfs/QmQ9DspqALLUpHdUFdj1DoC7WcLyAGUsqPG2tDXe14ZP4b
18.0,0x645547CbEa6199983ee6C874dEcaB3Cad2d37eb0,https://api.dstor.cloud/ipfs/QmZp9dqk1Ko72mxapbjMk3Egv3qBNN4En3pGvbbBSHUBTL
19.0,0x64ae4132Bbed92F21978A04cf9818632760A2D4D,https://ja3cgw.dstor.cloud/ipfs/QmeZXNxS28d9AjehpStzDZ3zM4RB6ZxusiQxr428mwTk4k
20.0,0x9c4aC422257151435c94df8291d00871cD4a1fCA,https://ja3cgw.dstor.cloud/ipfs/QmeZXNxS28d9AjehpStzDZ3zM4RB6ZxusiQxr428mwTk4k
21.0,0x6b3446860E6F88e39c20D50AFB94D4E6df884511,https://api.dstor.cloud/ipfs/QmZp9dqk1Ko72mxapbjMk3Egv3qBNN4En3pGvbbBSHUBTL
22.0,0x6b3446860E6F88e39c20D50AFB94D4E6df884511,https://ja3cgw.dstor.cloud/ipfs/QmPLzkHBhsmFjHHqVuw6FvyM9wAj8nqbbD8FucRmdwPcNR
23.0,0x6b3446860E6F88e39c20D50AFB94D4E6df884511,https://ja3cgw.dstor.cloud/ipfs/QmPLzkHBhsmFjHHqVuw6FvyM9wAj8nqbbD8FucRmdwPcNR
24.0,0x6b3446860E6F88e39c20D50AFB94D4E6df884511,https://api.dstor.cloud/ipfs/QmZp9dqk1Ko72mxapbjMk3Egv3qBNN4En3pGvbbBSHUBTL
25.0,0x6b3446860E6F88e39c20D50AFB94D4E6df884511,https://ja3cgw.dstor.cloud/ipfs/QmPLzkHBhsmFjHHqVuw6FvyM9wAj8nqbbD8FucRmdwPcNR
26.0,0x6b3446860E6F88e39c20D50AFB94D4E6df884511,https://api.dstor.cloud/ipfs/QmZp9dqk1Ko72mxapbjMk3Egv3qBNN4En3pGvbbBSHUBTL
27.0,0x9c4aC422257151435c94df8291d00871cD4a1fCA,https://ja3cgw.dstor.cloud/ipfs/QmeZXNxS28d9AjehpStzDZ3zM4RB6ZxusiQxr428mwTk4k
28.0,0x6b3446860E6F88e39c20D50AFB94D4E6df884511,https://ja3cgw.dstor.cloud/ipfs/QmPLzkHBhsmFjHHqVuw6FvyM9wAj8nqbbD8FucRmdwPcNR
29.0,0x6b3446860E6F88e39c20D50AFB94D4E6df884511,https://ja3cgw.dstor.cloud/ipfs/QmPLzkHBhsmFjHHqVuw6FvyM9wAj8nqbbD8FucRmdwPcNR
30.0,0x6b3446860E6F88e39c20D50AFB94D4E6df884511,https://ja3cgw.dstor.cloud/ipfs/QmPLzkHBhsmFjHHqVuw6FvyM9wAj8nqbbD8FucRmdwPcNR
31.0,0x6b3446860E6F88e39c20D50AFB94D4E6df884511,https://ja3cgw.dstor.cloud/ipfs/QmQ9DspqALLUpHdUFdj1DoC7WcLyAGUsqPG2tDXe14ZP4b
32.0,0x6b3446860E6F88e39c20D50AFB94D4E6df884511,https://ja3cgw.dstor.cloud/ipfs/QmPLzkHBhsmFjHHqVuw6FvyM9wAj8nqbbD8FucRmdwPcNR
33.0,0x6b3446860E6F88e39c20D50AFB94D4E6df884511,https://ja3cgw.dstor.cloud/ipfs/QmPLzkHBhsmFjHHqVuw6FvyM9wAj8nqbbD8FucRmdwPcNR
34.0,0x6b3446860E6F88e39c20D50AFB94D4E6df884511,https://ja3cgw.dstor.cloud/ipfs/QmPLzkHBhsmFjHHqVuw6FvyM9wAj8nqbbD8FucRmdwPcNR
35.0,0x64ae4132Bbed92F21978A04cf9818632760A2D4D,https://ja3cgw.dstor.cloud/ipfs/QmeZXNxS28d9AjehpStzDZ3zM4RB6ZxusiQxr428mwTk4k
36.0,0x6b3446860E6F88e39c20D50AFB94D4E6df884511,https://ja3cgw.dstor.cloud/ipfs/QmPLzkHBhsmFjHHqVuw6FvyM9wAj8nqbbD8FucRmdwPcNR
37.0,0x1d8df2ec945f9D7F34b37655CbB2803354A665e1,https://ja3cgw.dstor.cloud/ipfs/QmPLzkHBhsmFjHHqVuw6FvyM9wAj8nqbbD8FucRmdwPcNR
38.0,0x1d8df2ec945f9D7F34b37655CbB2803354A665e1,https://ja3cgw.dstor.cloud/ipfs/QmPLzkHBhsmFjHHqVuw6FvyM9wAj8nqbbD8FucRmdwPcNR
39.0,0x6b3446860E6F88e39c20D50AFB94D4E6df884511,https://ja3cgw.dstor.cloud/ipfs/QmPLzkHBhsmFjHHqVuw6FvyM9wAj8nqbbD8FucRmdwPcNR
40.0,0xb5e4dD810Ab09901Ed755bDfBae30Cd0b9c45d44,https://ja3cgw.dstor.cloud/ipfs/QmPLzkHBhsmFjHHqVuw6FvyM9wAj8nqbbD8FucRmdwPcNR
41.0,0x6b3446860E6F88e39c20D50AFB94D4E6df884511,https://ja3cgw.dstor.cloud/ipfs/QmPLzkHBhsmFjHHqVuw6FvyM9wAj8nqbbD8FucRmdwPcNR
42.0,0x1d8df2ec945f9D7F34b37655CbB2803354A665e1,https://ja3cgw.dstor.cloud/ipfs/QmPLzkHBhsmFjHHqVuw6FvyM9wAj8nqbbD8FucRmdwPcNR
43.0,0x64ae4132Bbed92F21978A04cf9818632760A2D4D,https://ja3cgw.dstor.cloud/ipfs/QmeZXNxS28d9AjehpStzDZ3zM4RB6ZxusiQxr428mwTk4k
44.0,0x64ae4132Bbed92F21978A04cf9818632760A2D4D,https://ja3cgw.dstor.cloud/ipfs/QmeZXNxS28d9AjehpStzDZ3zM4RB6ZxusiQxr428mwTk4k
45.0,0x11a6bF219544bE24a77121e1EcaD01A7CA10D09D,https://ja3cgw.dstor.cloud/ipfs/QmPLzkHBhsmFjHHqVuw6FvyM9wAj8nqbbD8FucRmdwPcNR
46.0,0x64ae4132Bbed92F21978A04cf9818632760A2D4D,https://ja3cgw.dstor.cloud/ipfs/QmPLzkHBhsmFjHHqVuw6FvyM9wAj8nqbbD8FucRmdwPcNR
47.0,0x11a6bF219544bE24a77121e1EcaD01A7CA10D09D,https://ja3cgw.dstor.cloud/ipfs/QmPLzkHBhsmFjHHqVuw6FvyM9wAj8nqbbD8FucRmdwPcNR
48.0,0xdf1b5845f929dc8E07285E84D643C7009607D6FC,https://ja3cgw.dstor.cloud/ipfs/QmPLzkHBhsmFjHHqVuw6FvyM9wAj8nqbbD8FucRmdwPcNR
49.0,0x11a6bF219544bE24a77121e1EcaD01A7CA10D09D,https://ja3cgw.dstor.cloud/ipfs/QmPLzkHBhsmFjHHqVuw6FvyM9wAj8nqbbD8FucRmdwPcNR
50.0,0x11a6bF219544bE24a77121e1EcaD01A7CA10D09D,https://ja3cgw.dstor.cloud/ipfs/QmPLzkHBhsmFjHHqVuw6FvyM9wAj8nqbbD8FucRmdwPcNR
51.0,0x6b3446860E6F88e39c20D50AFB94D4E6df884511,https://ja3cgw.dstor.cloud/ipfs/QmPLzkHBhsmFjHHqVuw6FvyM9wAj8nqbbD8FucRmdwPcNR
52.0,0x1d8df2ec945f9D7F34b37655CbB2803354A665e1,https://ja3cgw.dstor.cloud/ipfs/QmPLzkHBhsmFjHHqVuw6FvyM9wAj8nqbbD8FucRmdwPcNR
53.0,0x1d8df2ec945f9D7F34b37655CbB2803354A665e1,https://ja3cgw.dstor.cloud/ipfs/QmPLzkHBhsmFjHHqVuw6FvyM9wAj8nqbbD8FucRmdwPcNR
54.0,0x1d8df2ec945f9D7F34b37655CbB2803354A665e1,https://ja3cgw.dstor.cloud/ipfs/QmPLzkHBhsmFjHHqVuw6FvyM9wAj8nqbbD8FucRmdwPcNR
55.0,0x645547CbEa6199983ee6C874dEcaB3Cad2d37eb0,https://api.dstor.cloud/ipfs/QmZp9dqk1Ko72mxapbjMk3Egv3qBNN4En3pGvbbBSHUBTL
56.0,0xf597dcb772d821B0fF0B222c84c82e16294cAE99,https://ja3cgw.dstor.cloud/ipfs/QmeZXNxS28d9AjehpStzDZ3zM4RB6ZxusiQxr428mwTk4k
57.0,0x1866DB3D8d380d8361d5A634C24728d364B25676,https://ja3cgw.dstor.cloud/ipfs/QmPLzkHBhsmFjHHqVuw6FvyM9wAj8nqbbD8FucRmdwPcNR
58.0,0xf597dcb772d821B0fF0B222c84c82e16294cAE99,https://ja3cgw.dstor.cloud/ipfs/QmeZXNxS28d9AjehpStzDZ3zM4RB6ZxusiQxr428mwTk4k
59.0,0xf597dcb772d821B0fF0B222c84c82e16294cAE99,https://ja3cgw.dstor.cloud/ipfs/QmeZXNxS28d9AjehpStzDZ3zM4RB6ZxusiQxr428mwTk4k
60.0,0xf597dcb772d821B0fF0B222c84c82e16294cAE99,https://ja3cgw.dstor.cloud/ipfs/QmeZXNxS28d9AjehpStzDZ3zM4RB6ZxusiQxr428mwTk4k
61.0,0xF51dA086C4fd07a403C03a62C3FE85aFce379255,https://ja3cgw.dstor.cloud/ipfs/QmeZXNxS28d9AjehpStzDZ3zM4RB6ZxusiQxr428mwTk4k
62.0,0x483Def8f4A6f096268D54D093ffa998Fad009F33,https://ja3cgw.dstor.cloud/ipfs/QmPLzkHBhsmFjHHqVuw6FvyM9wAj8nqbbD8FucRmdwPcNR
63.0,0x6b3446860E6F88e39c20D50AFB94D4E6df884511,https://ja3cgw.dstor.cloud/ipfs/QmPLzkHBhsmFjHHqVuw6FvyM9wAj8nqbbD8FucRmdwPcNR
64.0,0x6b3446860E6F88e39c20D50AFB94D4E6df884511,https://ja3cgw.dstor.cloud/ipfs/QmPLzkHBhsmFjHHqVuw6FvyM9wAj8nqbbD8FucRmdwPcNR
65.0,0x6b3446860E6F88e39c20D50AFB94D4E6df884511,https://ja3cgw.dstor.cloud/ipfs/QmPLzkHBhsmFjHHqVuw6FvyM9wAj8nqbbD8FucRmdwPcNR
66.0,0x3Dc532aC6D319001D04AF3Ea8586bF7944AF7DEB,https://ja3cgw.dstor.cloud/ipfs/QmPLzkHBhsmFjHHqVuw6FvyM9wAj8nqbbD8FucRmdwPcNR
67.0,0xd24FDfB33871B9A8Ee05b6CA8984b1490866B2B9,https://ja3cgw.dstor.cloud/ipfs/QmQ9DspqALLUpHdUFdj1DoC7WcLyAGUsqPG2tDXe14ZP4b
68.0,0x6Ad728AFECF9E08A6D383e3422f58dC72d9EC2dB,https://ja3cgw.dstor.cloud/ipfs/QmPLzkHBhsmFjHHqVuw6FvyM9wAj8nqbbD8FucRmdwPcNR
69.0,0xBEBe600585E410A4cFE886ee8C86a88d18561485,https://ja3cgw.dstor.cloud/ipfs/QmeZXNxS28d9AjehpStzDZ3zM4RB6ZxusiQxr428mwTk4k
70.0,0xBEBe600585E410A4cFE886ee8C86a88d18561485,https://ja3cgw.dstor.cloud/ipfs/QmeZXNxS28d9AjehpStzDZ3zM4RB6ZxusiQxr428mwTk4k
71.0,0xBEBe600585E410A4cFE886ee8C86a88d18561485,https://ja3cgw.dstor.cloud/ipfs/QmQ9DspqALLUpHdUFdj1DoC7WcLyAGUsqPG2tDXe14ZP4b
72.0,0xBEBe600585E410A4cFE886ee8C86a88d18561485,https://ja3cgw.dstor.cloud/ipfs/QmPLzkHBhsmFjHHqVuw6FvyM9wAj8nqbbD8FucRmdwPcNR
73.0,0xBEBe600585E410A4cFE886ee8C86a88d18561485,https://ja3cgw.dstor.cloud/ipfs/QmeZXNxS28d9AjehpStzDZ3zM4RB6ZxusiQxr428mwTk4k
74.0,0xD4E8e17c7c79b8276D5B760bA24f44fE8473b583,https://ja3cgw.dstor.cloud/ipfs/QmQ9DspqALLUpHdUFdj1DoC7WcLyAGUsqPG2tDXe14ZP4b
75.0,0x5f38219ADA4Cb233b86218F5F4eE50D297fFF136,https://ja3cgw.dstor.cloud/ipfs/QmeZXNxS28d9AjehpStzDZ3zM4RB6ZxusiQxr428mwTk4k
76.0,0x5f38219ADA4Cb233b86218F5F4eE50D297fFF136,https://ja3cgw.dstor.cloud/ipfs/QmeZXNxS28d9AjehpStzDZ3zM4RB6ZxusiQxr428mwTk4k
77.0,0x5f38219ADA4Cb233b86218F5F4eE50D297fFF136,https://ja3cgw.dstor.cloud/ipfs/QmQ9DspqALLUpHdUFdj1DoC7WcLyAGUsqPG2tDXe14ZP4b
78.0,0x5f38219ADA4Cb233b86218F5F4eE50D297fFF136,https://ja3cgw.dstor.cloud/ipfs/QmPLzkHBhsmFjHHqVuw6FvyM9wAj8nqbbD8FucRmdwPcNR
79.0,0x5f38219ADA4Cb233b86218F5F4eE50D297fFF136,https://ja3cgw.dstor.cloud/ipfs/QmeZXNxS28d9AjehpStzDZ3zM4RB6ZxusiQxr428mwTk4k
80.0,0x5f38219ADA4Cb233b86218F5F4eE50D297fFF136,https://ja3cgw.dstor.cloud/ipfs/QmeZXNxS28d9AjehpStzDZ3zM4RB6ZxusiQxr428mwTk4k
81.0,0x5f38219ADA4Cb233b86218F5F4eE50D297fFF136,https://api.dstor.cloud/ipfs/QmZp9dqk1Ko72mxapbjMk3Egv3qBNN4En3pGvbbBSHUBTL
82.0,0x5f38219ADA4Cb233b86218F5F4eE50D297fFF136,https://ja3cgw.dstor.cloud/ipfs/QmeZXNxS28d9AjehpStzDZ3zM4RB6ZxusiQxr428mwTk4k
83.0,0x5f38219ADA4Cb233b86218F5F4eE50D297fFF136,https://ja3cgw.dstor.cloud/ipfs/QmeZXNxS28d9AjehpStzDZ3zM4RB6ZxusiQxr428mwTk4k
84.0,0x5f38219ADA4Cb233b86218F5F4eE50D297fFF136,https://ja3cgw.dstor.cloud/ipfs/QmeZXNxS28d9AjehpStzDZ3zM4RB6ZxusiQxr428mwTk4k
85.0,0x5f38219ADA4Cb233b86218F5F4eE50D297fFF136,https://ja3cgw.dstor.cloud/ipfs/QmeZXNxS28d9AjehpStzDZ3zM4RB6ZxusiQxr428mwTk4k
86.0,0xBB5C4d36E6A25aD201bB336acFa8F67777b54449,https://ja3cgw.dstor.cloud/ipfs/QmeZXNxS28d9AjehpStzDZ3zM4RB6ZxusiQxr428mwTk4k
87.0,0xFC86077833d7a58240E0137A231644213779f887,https://ja3cgw.dstor.cloud/ipfs/QmQ9DspqALLUpHdUFdj1DoC7WcLyAGUsqPG2tDXe14ZP4b
88.0,0x246d84049Ad6763059643B09300F92aa4e5be7C8,https://ja3cgw.dstor.cloud/ipfs/QmQ9DspqALLUpHdUFdj1DoC7WcLyAGUsqPG2tDXe14ZP4b
89.0,0xE9aAC3e398C804Ba0A3db1cE4956095e8f6Dad58,https://ja3cgw.dstor.cloud/ipfs/QmPLzkHBhsmFjHHqVuw6FvyM9wAj8nqbbD8FucRmdwPcNR
90.0,0xE9aAC3e398C804Ba0A3db1cE4956095e8f6Dad58,https://ja3cgw.dstor.cloud/ipfs/QmPLzkHBhsmFjHHqVuw6FvyM9wAj8nqbbD8FucRmdwPcNR
91.0,0x246d84049Ad6763059643B09300F92aa4e5be7C8,https://api.dstor.cloud/ipfs/QmZp9dqk1Ko72mxapbjMk3Egv3qBNN4En3pGvbbBSHUBTL
92.0,0x246d84049Ad6763059643B09300F92aa4e5be7C8,https://api.dstor.cloud/ipfs/QmZp9dqk1Ko72mxapbjMk3Egv3qBNN4En3pGvbbBSHUBTL
93.0,0x246d84049Ad6763059643B09300F92aa4e5be7C8,https://ja3cgw.dstor.cloud/ipfs/QmQ9DspqALLUpHdUFdj1DoC7WcLyAGUsqPG2tDXe14ZP4b
94.0,0x246d84049Ad6763059643B09300F92aa4e5be7C8,https://api.dstor.cloud/ipfs/QmZp9dqk1Ko72mxapbjMk3Egv3qBNN4En3pGvbbBSHUBTL
95.0,0x246d84049Ad6763059643B09300F92aa4e5be7C8,https://ja3cgw.dstor.cloud/ipfs/QmPLzkHBhsmFjHHqVuw6FvyM9wAj8nqbbD8FucRmdwPcNR
96.0,0x246d84049Ad6763059643B09300F92aa4e5be7C8,https://ja3cgw.dstor.cloud/ipfs/QmPLzkHBhsmFjHHqVuw6FvyM9wAj8nqbbD8FucRmdwPcNR
97.0,0xFC143f933BAdBEfe4E769047745cc23E02DE0E90,https://api.dstor.cloud/ipfs/QmZp9dqk1Ko72mxapbjMk3Egv3qBNN4En3pGvbbBSHUBTL
98.0,0x3F48306E6908e6bF13EBcA2916748aC558Ff1A9B,https://ja3cgw.dstor.cloud/ipfs/QmeZXNxS28d9AjehpStzDZ3zM4RB6ZxusiQxr428mwTk4k
99.0,0x3F48306E6908e6bF13EBcA2916748aC558Ff1A9B,https://ja3cgw.dstor.cloud/ipfs/QmeZXNxS28d9AjehpStzDZ3zM4RB6ZxusiQxr428mwTk4k
100.0,0x3F48306E6908e6bF13EBcA2916748aC558Ff1A9B,https://ja3cgw.dstor.cloud/ipfs/QmeZXNxS28d9AjehpStzDZ3zM4RB6ZxusiQxr428mwTk4k
101.0,0x9c4aC422257151435c94df8291d00871cD4a1fCA,https://api.dstor.cloud/ipfs/QmZp9dqk1Ko72mxapbjMk3Egv3qBNN4En3pGvbbBSHUBTL
102.0,0xDA1458dEba3A19a2ed837D5Da9f38A7d1db7fFBf,https://ja3cgw.dstor.cloud/ipfs/QmPLzkHBhsmFjHHqVuw6FvyM9wAj8nqbbD8FucRmdwPcNR
103.0,0xDA1458dEba3A19a2ed837D5Da9f38A7d1db7fFBf,https://api.dstor.cloud/ipfs/QmZp9dqk1Ko72mxapbjMk3Egv3qBNN4En3pGvbbBSHUBTL
104.0,0x7d3Fa66Bc89BD6166b05A9AaFF57C0776fE05b97,https://api.dstor.cloud/ipfs/QmZp9dqk1Ko72mxapbjMk3Egv3qBNN4En3pGvbbBSHUBTL
105.0,0xE6EAc0f55E3F5eCEFAe3877015fb8631C95a3a45,https://ja3cgw.dstor.cloud/ipfs/QmPLzkHBhsmFjHHqVuw6FvyM9wAj8nqbbD8FucRmdwPcNR
106.0,0xBB5C4d36E6A25aD201bB336acFa8F67777b54449,https://ja3cgw.dstor.cloud/ipfs/QmeZXNxS28d9AjehpStzDZ3zM4RB6ZxusiQxr428mwTk4k
107.0,0xBB5C4d36E6A25aD201bB336acFa8F67777b54449,https://ja3cgw.dstor.cloud/ipfs/QmQ9DspqALLUpHdUFdj1DoC7WcLyAGUsqPG2tDXe14ZP4b
108.0,0xBB5C4d36E6A25aD201bB336acFa8F67777b54449,https://ja3cgw.dstor.cloud/ipfs/QmPLzkHBhsmFjHHqVuw6FvyM9wAj8nqbbD8FucRmdwPcNR
109.0,0xBB5C4d36E6A25aD201bB336acFa8F67777b54449,https://ja3cgw.dstor.cloud/ipfs/QmQ9DspqALLUpHdUFdj1DoC7WcLyAGUsqPG2tDXe14ZP4b
110.0,0xBB5C4d36E6A25aD201bB336acFa8F67777b54449,https://ja3cgw.dstor.cloud/ipfs/QmQ9DspqALLUpHdUFdj1DoC7WcLyAGUsqPG2tDXe14ZP4b
111.0,0x7f5Ac3A7E29Ed532509C675fa69CB8aF9a7399C1,https://ja3cgw.dstor.cloud/ipfs/QmPLzkHBhsmFjHHqVuw6FvyM9wAj8nqbbD8FucRmdwPcNR
112.0,0x7f5Ac3A7E29Ed532509C675fa69CB8aF9a7399C1,https://ja3cgw.dstor.cloud/ipfs/QmeZXNxS28d9AjehpStzDZ3zM4RB6ZxusiQxr428mwTk4k
113.0,0x7f5Ac3A7E29Ed532509C675fa69CB8aF9a7399C1,https://ja3cgw.dstor.cloud/ipfs/QmQ9DspqALLUpHdUFdj1DoC7WcLyAGUsqPG2tDXe14ZP4b
114.0,0x7f5Ac3A7E29Ed532509C675fa69CB8aF9a7399C1,https://ja3cgw.dstor.cloud/ipfs/QmeZXNxS28d9AjehpStzDZ3zM4RB6ZxusiQxr428mwTk4k
115.0,0x7f5Ac3A7E29Ed532509C675fa69CB8aF9a7399C1,https://ja3cgw.dstor.cloud/ipfs/QmeZXNxS28d9AjehpStzDZ3zM4RB6ZxusiQxr428mwTk4k
116.0,0x7f5Ac3A7E29Ed532509C675fa69CB8aF9a7399C1,https://ja3cgw.dstor.cloud/ipfs/QmPLzkHBhsmFjHHqVuw6FvyM9wAj8nqbbD8FucRmdwPcNR
117.0,0x7f5Ac3A7E29Ed532509C675fa69CB8aF9a7399C1,https://ja3cgw.dstor.cloud/ipfs/QmPLzkHBhsmFjHHqVuw6FvyM9wAj8nqbbD8FucRmdwPcNR
118.0,0x7f5Ac3A7E29Ed532509C675fa69CB8aF9a7399C1,https://ja3cgw.dstor.cloud/ipfs/QmPLzkHBhsmFjHHqVuw6FvyM9wAj8nqbbD8FucRmdwPcNR
119.0,0x7f5Ac3A7E29Ed532509C675fa69CB8aF9a7399C1,https://ja3cgw.dstor.cloud/ipfs/QmPLzkHBhsmFjHHqVuw6FvyM9wAj8nqbbD8FucRmdwPcNR
120.0,0x7f5Ac3A7E29Ed532509C675fa69CB8aF9a7399C1,https://api.dstor.cloud/ipfs/QmZp9dqk1Ko72mxapbjMk3Egv3qBNN4En3pGvbbBSHUBTL
121.0,0x7f5Ac3A7E29Ed532509C675fa69CB8aF9a7399C1,https://ja3cgw.dstor.cloud/ipfs/QmPLzkHBhsmFjHHqVuw6FvyM9wAj8nqbbD8FucRmdwPcNR
122.0,0x7f5Ac3A7E29Ed532509C675fa69CB8aF9a7399C1,https://ja3cgw.dstor.cloud/ipfs/QmPLzkHBhsmFjHHqVuw6FvyM9wAj8nqbbD8FucRmdwPcNR
123.0,0x7f5Ac3A7E29Ed532509C675fa69CB8aF9a7399C1,https://ja3cgw.dstor.cloud/ipfs/QmPLzkHBhsmFjHHqVuw6FvyM9wAj8nqbbD8FucRmdwPcNR
124.0,0x7f5Ac3A7E29Ed532509C675fa69CB8aF9a7399C1,https://ja3cgw.dstor.cloud/ipfs/QmPLzkHBhsmFjHHqVuw6FvyM9wAj8nqbbD8FucRmdwPcNR
125.0,0x7f5Ac3A7E29Ed532509C675fa69CB8aF9a7399C1,https://ja3cgw.dstor.cloud/ipfs/QmPLzkHBhsmFjHHqVuw6FvyM9wAj8nqbbD8FucRmdwPcNR
126.0,0x7f5Ac3A7E29Ed532509C675fa69CB8aF9a7399C1,https://ja3cgw.dstor.cloud/ipfs/QmeZXNxS28d9AjehpStzDZ3zM4RB6ZxusiQxr428mwTk4k
127.0,0x7f5Ac3A7E29Ed532509C675fa69CB8aF9a7399C1,https://ja3cgw.dstor.cloud/ipfs/QmPLzkHBhsmFjHHqVuw6FvyM9wAj8nqbbD8FucRmdwPcNR
128.0,0x7f5Ac3A7E29Ed532509C675fa69CB8aF9a7399C1,https://ja3cgw.dstor.cloud/ipfs/QmPLzkHBhsmFjHHqVuw6FvyM9wAj8nqbbD8FucRmdwPcNR
129.0,0x7f5Ac3A7E29Ed532509C675fa69CB8aF9a7399C1,https://ja3cgw.dstor.cloud/ipfs/QmPLzkHBhsmFjHHqVuw6FvyM9wAj8nqbbD8FucRmdwPcNR
130.0,0x7f5Ac3A7E29Ed532509C675fa69CB8aF9a7399C1,https://api.dstor.cloud/ipfs/QmZp9dqk1Ko72mxapbjMk3Egv3qBNN4En3pGvbbBSHUBTL
131.0,0x7f5Ac3A7E29Ed532509C675fa69CB8aF9a7399C1,https://ja3cgw.dstor.cloud/ipfs/QmPLzkHBhsmFjHHqVuw6FvyM9wAj8nqbbD8FucRmdwPcNR
132.0,0x7f5Ac3A7E29Ed532509C675fa69CB8aF9a7399C1,https://api.dstor.cloud/ipfs/QmZp9dqk1Ko72mxapbjMk3Egv3qBNN4En3pGvbbBSHUBTL
133.0,0xf597dcb772d821B0fF0B222c84c82e16294cAE99,https://ja3cgw.dstor.cloud/ipfs/QmeZXNxS28d9AjehpStzDZ3zM4RB6ZxusiQxr428mwTk4k
134.0,0x856ecf8e7831aC2fa27bb34F1808783EC6196C79,https://ja3cgw.dstor.cloud/ipfs/QmQ9DspqALLUpHdUFdj1DoC7WcLyAGUsqPG2tDXe14ZP4b
